ts,active,nrestarts,mem_current_mb,cpu_s,daemon_rss_mb,temp_c,throttled,eth0_rx_pkts,eth0_rx_dropped,sensor_pkts,flows_in_table,incidents_emitted,alert_lines,load1
2026-09-30T20:25:13+05:30,active,0,na,18,53.5,55.1,0x0,1111,0,1065,45,27,421,2.61
2026-09-30T20:30:14+05:30,active,0,na,73,55.4,51.9,0x0,3651,0,8769,64,44,438,0.06
2026-09-30T20:35:15+05:30,active,0,na,100,55.4,51.9,0x0,4568,0,10061,25,50,444,0.0
2026-09-30T20:40:15+05:30,active,0,na,130,55.7,51.4,0x0,5527,0,11821,37,58,452,0.26
2026-09-30T20:45:16+05:30,active,0,na,157,55.8,51.4,0x0,6266,0,12717,27,73,467,0.23
2026-09-30T20:50:17+05:30,active,0,na,184,55.9,51.4,0x0,6953,0,13581,32,85,479,0.12
2026-09-30T20:55:17+05:30,active,0,na,216,56.4,51.4,0x0,7905,0,15184,65,108,502,0.1
2026-09-30T21:00:18+05:30,active,0,na,248,56.5,51.4,0x0,8804,0,16777,31,116,510,0.15
2026-09-30T21:05:19+05:30,active,0,na,284,56.8,51.4,0x0,9724,0,19290,52,124,518,0.18
2026-09-30T21:10:20+05:30,active,0,na,320,56.8,51.4,0x0,10470,0,20593,22,129,523,0.18
2026-09-30T21:15:20+05:30,active,0,na,361,57.0,50.8,0x0,11377,0,22688,19,139,533,0.13
2026-09-30T21:20:21+05:30,active,0,na,394,57.0,51.4,0x0,11893,0,23377,19,143,537,0.17
2026-09-30T21:25:22+05:30,active,0,na,428,57.0,51.4,0x0,12411,0,24016,19,149,543,0.15
2026-09-30T21:30:22+05:30,active,0,na,465,57.2,51.4,0x0,13059,0,25124,20,156,550,0.05
2026-09-30T21:35:23+05:30,active,0,na,503,57.2,51.4,0x0,13650,0,25923,21,161,555,0.19
2026-09-30T21:40:24+05:30,active,0,na,541,57.2,51.4,0x0,14210,0,26611,19,167,561,0.28
2026-09-30T21:45:24+05:30,active,0,na,580,57.3,51.4,0x0,14854,0,27331,19,177,571,0.34
2026-09-30T21:50:25+05:30,active,0,na,618,57.3,50.8,0x0,15341,0,27925,15,180,574,0.11
2026-09-30T21:55:26+05:30,active,0,na,657,57.3,51.4,0x0,15849,0,28528,16,187,581,0.12
2026-09-30T22:00:27+05:30,active,0,na,697,57.3,51.9,0x0,16461,0,29230,19,198,592,0.29
2026-09-30T22:05:27+05:30,active,0,na,739,57.4,51.4,0x0,17102,0,30000,39,213,607,0.11
2026-09-30T22:10:28+05:30,active,0,na,784,57.5,51.4,0x0,17943,0,30919,35,223,617,0.29
2026-09-30T22:15:29+05:30,active,0,na,831,57.6,51.4,0x0,18867,0,31900,41,237,631,0.11
2026-09-30T22:20:29+05:30,active,0,na,879,57.8,51.9,0x0,19707,0,32806,33,245,639,0.11
2026-09-30T22:25:30+05:30,active,0,na,927,57.9,50.8,0x0,20498,0,33659,39,259,653,0.06
2026-09-30T22:30:31+05:30,active,0,na,978,58.1,51.4,0x0,21543,0,34770,49,286,680,0.26
2026-09-30T22:35:31+05:30,active,0,na,1027,58.2,51.4,0x0,22689,0,35950,43,293,687,0.27
2026-09-30T22:40:32+05:30,active,0,na,1072,58.3,51.4,0x0,23316,0,36629,32,300,694,0.32
2026-09-30T22:45:33+05:30,active,0,na,1119,58.5,51.4,0x0,24017,0,37380,29,311,705,0.18
2026-09-30T22:50:33+05:30,active,0,na,1165,58.6,51.9,0x0,24630,0,38060,28,317,711,0.27
2026-09-30T22:55:34+05:30,active,0,na,1212,58.7,51.4,0x0,25235,0,38724,32,324,718,0.46
2026-09-30T23:00:35+05:30,active,0,na,1261,58.8,51.4,0x0,25925,0,39476,33,336,730,0.19
2026-09-30T23:05:36+05:30,active,0,na,1309,58.9,51.4,0x0,26550,0,40151,30,343,737,0.23
2026-09-30T23:10:36+05:30,active,0,na,1361,59.0,51.4,0x0,27444,0,41081,37,363,757,0.19
2026-09-30T23:15:37+05:30,active,0,na,1414,59.2,51.4,0x0,28222,0,41930,39,375,769,0.13
2026-09-30T23:20:38+05:30,active,0,na,1466,59.2,51.4,0x0,28981,0,42769,27,384,778,0.2
2026-09-30T23:25:38+05:30,active,0,na,1518,59.3,51.9,0x0,29622,0,43527,28,395,789,0.15
2026-09-30T23:30:39+05:30,active,0,na,1575,59.4,51.9,0x0,30729,0,44738,31,410,804,0.19
2026-09-30T23:35:40+05:30,active,0,na,1628,59.5,51.4,0x0,31470,0,45586,45,438,832,0.32
2026-09-30T23:40:40+05:30,active,0,na,1685,59.5,51.9,0x0,32285,0,46522,23,450,844,0.2
2026-09-30T23:45:41+05:30,active,0,na,1749,59.9,51.9,0x0,33722,0,48318,37,465,859,0.42
2026-09-30T23:50:42+05:30,active,0,na,1810,60.1,51.9,0x0,34946,0,49969,26,472,866,0.15
2026-09-30T23:55:42+05:30,active,0,na,1868,60.2,51.9,0x0,36003,0,51477,25,478,872,0.46
2026-10-01T00:00:43+05:30,active,0,na,1922,60.2,51.4,0x0,36558,0,52138,18,483,877,0.27
2026-10-01T00:05:44+05:30,active,0,na,1976,60.2,51.9,0x0,37033,0,52725,14,487,881,0.27
2026-10-01T00:10:44+05:30,active,0,na,2031,60.2,51.4,0x0,37532,0,53355,15,493,887,0.2
2026-10-01T00:15:45+05:30,active,0,na,2087,60.3,51.4,0x0,38085,0,54044,18,500,894,0.22
2026-10-01T00:20:46+05:30,active,0,na,2144,60.4,51.4,0x0,38610,0,54697,15,506,900,0.14
2026-10-01T00:25:47+05:30,active,0,na,2201,60.4,51.4,0x0,39097,0,55315,19,510,904,0.1
2026-10-01T00:30:47+05:30,active,0,na,2258,60.4,51.4,0x0,39617,0,55957,18,514,908,0.28
2026-10-01T00:35:48+05:30,active,0,na,2317,60.5,51.4,0x0,40123,0,56594,15,518,912,0.27
2026-10-01T00:40:49+05:30,active,0,na,2375,60.5,51.4,0x0,40611,0,57219,16,522,916,0.17
2026-10-01T00:45:49+05:30,active,0,na,2435,60.6,51.4,0x0,41140,0,57879,17,527,921,0.38
2026-10-01T00:50:50+05:30,active,0,na,2495,60.7,51.4,0x0,41635,0,58499,14,531,925,0.13
2026-10-01T00:55:51+05:30,active,0,na,2555,60.7,51.4,0x0,42081,0,59073,14,534,928,0.22
2026-10-01T01:00:51+05:30,active,0,na,2615,60.7,51.4,0x0,42557,0,59680,19,539,933,0.24
2026-10-01T01:05:52+05:30,active,0,na,2676,60.7,51.4,0x0,43020,0,60256,14,543,937,0.18
2026-10-01T01:10:53+05:30,active,0,na,2740,60.8,51.4,0x0,43553,0,60908,17,549,943,0.36
2026-10-01T01:15:53+05:30,active,0,na,2802,60.8,50.8,0x0,44021,0,61503,14,553,947,0.18
2026-10-01T01:20:54+05:30,active,0,na,2866,60.9,50.8,0x0,44534,0,62133,16,559,953,0.22
2026-10-01T01:25:55+05:30,active,0,na,2929,60.9,50.8,0x0,45021,0,62734,17,562,956,0.1
2026-10-01T01:30:56+05:30,active,0,na,2994,61.0,50.8,0x0,45530,0,63357,16,566,960,0.4
2026-10-01T01:35:56+05:30,active,0,na,3059,61.1,50.8,0x0,46018,0,63956,14,569,963,0.03
2026-10-01T01:40:57+05:30,active,0,na,3124,61.1,50.8,0x0,46492,0,64551,15,573,967,0.16
2026-10-01T01:45:58+05:30,active,0,na,3190,61.1,50.8,0x0,46993,0,65171,16,578,972,0.13
2026-10-01T01:50:58+05:30,active,0,na,3257,61.2,50.8,0x0,47485,0,65774,16,581,975,0.19
2026-10-01T01:55:59+05:30,active,0,na,3323,61.2,50.8,0x0,47957,0,66370,15,584,978,0.33
2026-10-01T02:01:00+05:30,active,0,na,3392,61.3,50.8,0x0,48466,0,67003,15,589,983,0.23
2026-10-01T02:06:00+05:30,active,0,na,3460,61.3,50.8,0x0,48993,0,67638,29,604,998,0.19
2026-10-01T02:11:01+05:30,active,0,na,3530,61.4,50.8,0x0,49519,0,68276,16,610,1004,0.24
2026-10-01T02:16:02+05:30,active,0,na,3599,61.5,50.8,0x0,50019,0,68883,18,617,1011,0.21
2026-10-01T02:21:02+05:30,active,0,na,3669,61.5,50.8,0x0,50504,0,69485,14,619,1013,0.17
2026-10-01T02:26:03+05:30,active,0,na,3739,61.6,50.8,0x0,50989,0,70092,17,623,1017,0.27
2026-10-01T02:31:04+05:30,active,0,na,3810,61.7,50.8,0x0,51497,0,70706,14,628,1022,0.17
2026-10-01T02:36:05+05:30,active,0,na,3882,61.8,51.4,0x0,52036,0,71363,18,632,1026,0.28
2026-10-01T02:41:05+05:30,active,0,na,3954,61.9,50.8,0x0,52513,0,71956,15,635,1029,0.16
2026-10-01T02:46:06+05:30,active,0,na,4026,61.9,50.8,0x0,52995,0,72554,14,639,1033,0.32
2026-10-01T02:51:07+05:30,active,0,na,4099,62.0,50.3,0x0,53484,0,73164,16,642,1036,0.21
2026-10-01T02:56:07+05:30,active,0,na,4172,62.1,50.8,0x0,53959,0,73767,14,645,1039,0.33
2026-10-01T03:01:08+05:30,active,0,na,4246,62.2,50.8,0x0,54442,0,74368,14,648,1042,0.24
2026-10-01T03:06:09+05:30,active,0,na,4321,62.3,50.8,0x0,54928,0,74975,14,652,1046,0.21
2026-10-01T03:11:09+05:30,active,0,na,4395,62.3,51.9,0x0,55397,0,75565,14,655,1049,0.2
2026-10-01T03:16:10+05:30,active,0,na,4471,62.4,51.4,0x0,55876,0,76169,16,659,1053,0.23
2026-10-01T03:21:11+05:30,active,0,na,4547,62.4,51.4,0x0,56356,0,76767,14,662,1056,0.28
2026-10-01T03:26:12+05:30,active,0,na,4623,62.4,51.9,0x0,56835,0,77367,14,665,1059,0.27
2026-10-01T03:31:12+05:30,active,0,na,4700,62.5,51.4,0x0,57307,0,77954,14,667,1061,0.3
2026-10-01T03:36:13+05:30,active,0,na,4778,62.5,51.4,0x0,57802,0,78575,14,671,1065,0.25
2026-10-01T03:41:14+05:30,active,0,na,4856,62.5,51.9,0x0,58271,0,79176,14,673,1067,0.31
2026-10-01T03:46:14+05:30,active,0,na,4934,62.6,51.9,0x0,58746,0,79764,14,677,1071,0.23
2026-10-01T03:51:15+05:30,active,0,na,5013,62.6,51.4,0x0,59222,0,80364,16,681,1075,0.34
2026-10-01T03:56:16+05:30,active,0,na,5093,62.6,51.4,0x0,59706,0,80960,14,683,1077,0.24
2026-10-01T04:01:16+05:30,active,0,na,5174,62.6,50.8,0x0,60190,0,81558,14,686,1080,0.27
2026-10-01T04:06:17+05:30,active,0,na,5255,62.6,51.9,0x0,60679,0,82160,15,689,1083,0.22
2026-10-01T04:11:18+05:30,active,0,na,5336,62.6,51.4,0x0,61174,0,82759,14,692,1086,0.31
2026-10-01T04:16:18+05:30,active,0,na,5418,62.6,51.4,0x0,61648,0,83358,14,696,1090,0.35
2026-10-01T04:21:19+05:30,active,0,na,5500,62.6,51.9,0x0,62125,0,83946,14,699,1093,0.3
2026-10-01T04:26:20+05:30,active,0,na,5583,62.6,51.4,0x0,62626,0,84566,14,702,1096,0.47
2026-10-01T04:31:21+05:30,active,0,na,5666,62.6,51.9,0x0,63098,0,85152,14,705,1099,0.3
2026-10-01T04:36:21+05:30,active,0,na,5750,62.6,51.4,0x0,63584,0,85744,14,707,1101,0.26
2026-10-01T04:41:22+05:30,active,0,na,5834,62.6,51.9,0x0,64062,0,86348,16,711,1105,0.36
2026-10-01T04:46:23+05:30,active,0,na,5919,62.6,51.4,0x0,64537,0,86941,14,715,1109,0.34
2026-10-01T04:51:23+05:30,active,0,na,6004,62.6,51.4,0x0,65010,0,87531,14,717,1111,0.22
2026-10-01T04:56:24+05:30,active,0,na,6089,62.6,51.4,0x0,65491,0,88132,15,720,1114,0.5
2026-10-01T05:01:25+05:30,active,0,na,6176,62.6,51.4,0x0,65985,0,88748,14,724,1118,0.29
2026-10-01T05:06:25+05:30,active,0,na,6262,62.6,51.4,0x0,66481,0,89365,18,729,1123,0.34
2026-10-01T05:11:26+05:30,active,0,na,6350,62.6,51.4,0x0,66965,0,89956,15,732,1126,0.26
2026-10-01T05:16:27+05:30,active,0,na,6437,62.6,51.9,0x0,67445,0,90560,16,736,1130,0.37
2026-10-01T05:21:27+05:30,active,0,na,6526,62.6,51.9,0x0,67919,0,91159,14,739,1133,0.32
2026-10-01T05:26:28+05:30,active,0,na,6614,62.6,50.8,0x0,68392,0,91757,14,742,1136,0.31
2026-10-01T05:31:29+05:30,active,0,na,6703,62.6,51.9,0x0,68876,0,92369,17,745,1139,0.35
2026-10-01T05:36:29+05:30,active,0,na,6793,62.6,51.9,0x0,69346,0,92963,14,748,1142,0.25
2026-10-01T05:41:30+05:30,active,0,na,6882,62.6,51.4,0x0,69818,0,93560,14,751,1145,0.26
2026-10-01T05:46:31+05:30,active,0,na,6973,62.6,51.4,0x0,70292,0,94152,15,754,1148,0.38
2026-10-01T05:51:32+05:30,active,0,na,7064,62.6,51.9,0x0,70768,0,94749,14,758,1152,0.35
2026-10-01T05:56:32+05:30,active,0,na,7155,62.6,51.9,0x0,71242,0,95348,14,761,1155,0.28
2026-10-01T06:01:33+05:30,active,0,na,7247,62.6,51.9,0x0,71714,0,95938,14,763,1157,0.28
2026-10-01T06:06:34+05:30,active,0,na,7339,62.6,51.9,0x0,72194,0,96541,17,767,1161,0.43
2026-10-01T06:11:34+05:30,active,0,na,7432,62.6,51.9,0x0,72668,0,97142,14,770,1164,0.34
2026-10-01T06:16:35+05:30,active,0,na,7525,62.6,51.4,0x0,73154,0,97759,14,772,1166,0.23
2026-10-01T06:21:36+05:30,active,0,na,7619,62.6,50.8,0x0,73632,0,98352,14,775,1169,0.0
2026-10-01T06:26:36+05:30,active,0,na,7713,62.6,51.4,0x0,74125,0,98953,14,779,1173,0.45
2026-10-01T06:31:37+05:30,active,0,na,7808,62.6,50.8,0x0,74594,0,99558,14,781,1175,0.23
2026-10-01T06:36:38+05:30,active,0,na,7903,62.6,51.4,0x0,75067,0,100158,14,784,1178,0.23
2026-10-01T06:41:39+05:30,active,0,na,7998,62.6,51.9,0x0,75558,0,100767,14,787,1181,0.47
2026-10-01T06:46:39+05:30,active,0,na,8094,62.6,51.4,0x0,76043,0,101372,14,790,1184,0.36
2026-10-01T06:51:40+05:30,active,0,na,8191,62.6,51.9,0x0,76547,0,101986,16,794,1188,0.39
2026-10-01T06:56:41+05:30,active,0,na,8288,62.6,51.9,0x0,77034,0,102600,16,797,1191,0.36
2026-10-01T07:01:41+05:30,active,0,na,8386,62.6,51.4,0x0,77507,0,103198,15,800,1194,0.39
2026-10-01T07:06:42+05:30,active,0,na,8483,62.6,51.4,0x0,77990,0,103798,14,803,1197,0.34
2026-10-01T07:11:43+05:30,active,0,na,8582,62.6,51.4,0x0,78473,0,104401,14,805,1199,0.2
2026-10-01T07:16:43+05:30,active,0,na,8680,62.6,51.9,0x0,78965,0,105025,14,812,1206,0.36
2026-10-01T07:21:44+05:30,active,0,na,8779,62.6,51.9,0x0,79439,0,105610,14,814,1208,0.36
2026-10-01T07:26:45+05:30,active,0,na,8879,62.6,51.9,0x0,79916,0,106211,14,817,1211,0.33
2026-10-01T07:31:45+05:30,active,0,na,8978,62.6,51.4,0x0,80402,0,106815,16,821,1215,0.28
2026-10-01T07:36:46+05:30,active,0,na,9078,62.6,51.9,0x0,80869,0,107399,14,823,1217,0.44
2026-10-01T07:41:47+05:30,active,0,na,9179,62.6,51.9,0x0,81343,0,107991,14,826,1220,0.32
2026-10-01T07:46:47+05:30,active,0,na,9279,62.6,51.9,0x0,81820,0,108582,15,828,1222,0.28
2026-10-01T07:51:48+05:30,active,0,na,9381,62.6,52.5,0x0,82314,0,109197,14,832,1226,0.79
2026-10-01T07:56:49+05:30,active,0,na,9483,62.6,51.9,0x0,82793,0,109788,15,835,1229,0.34
2026-10-01T08:01:50+05:30,active,0,na,9585,62.6,51.9,0x0,83285,0,110404,14,837,1231,0.52
2026-10-01T08:06:50+05:30,active,0,na,9688,62.6,52.5,0x0,83769,0,111022,14,841,1235,0.37
2026-10-01T08:11:51+05:30,active,0,na,9791,62.6,51.9,0x0,84254,0,111644,14,844,1238,0.36
2026-10-01T08:16:52+05:30,active,0,na,9894,62.6,51.9,0x0,84739,0,112251,14,847,1241,0.35
2026-10-01T08:21:52+05:30,active,0,na,9999,62.6,51.9,0x0,85226,0,112878,17,851,1245,0.37
2026-10-01T08:26:53+05:30,active,0,na,10103,62.7,52.5,0x0,85724,0,113510,16,854,1248,0.39
2026-10-01T08:31:54+05:30,active,0,na,10209,62.7,51.9,0x0,86240,0,114163,18,858,1252,0.3
2026-10-01T08:36:54+05:30,active,0,na,10314,62.7,51.9,0x0,86718,0,114780,14,861,1255,0.27
2026-10-01T08:41:55+05:30,active,0,na,10420,62.7,51.9,0x0,87242,0,115442,18,866,1260,0.33
2026-10-01T08:46:56+05:30,active,0,na,10526,62.7,51.9,0x0,87737,0,116072,14,870,1264,0.31
2026-10-01T08:51:56+05:30,active,0,na,10633,62.7,51.9,0x0,88263,0,116736,20,875,1269,0.35
2026-10-01T08:56:57+05:30,active,0,na,10740,62.7,52.5,0x0,88750,0,117341,16,878,1272,0.37
2026-10-01T09:01:58+05:30,active,0,na,10848,62.7,52.5,0x0,89260,0,117993,18,883,1277,0.28
2026-10-01T09:06:58+05:30,active,0,na,10955,62.7,53.0,0x0,89741,0,118612,14,886,1280,0.28
2026-10-01T09:11:59+05:30,active,0,na,11063,62.7,51.4,0x0,90220,0,119229,14,888,1282,0.38
2026-10-01T09:17:00+05:30,active,0,na,11171,62.7,51.9,0x0,90733,0,119882,14,899,1293,0.23
2026-10-01T09:22:00+05:30,active,0,na,11280,62.7,51.9,0x0,91215,0,120494,14,902,1296,0.23
2026-10-01T09:27:01+05:30,active,0,na,11390,62.7,51.9,0x0,91970,0,121132,14,906,1300,0.37
2026-10-01T09:32:02+05:30,active,0,na,11500,62.7,52.5,0x0,92469,0,121773,16,910,1304,0.35
2026-10-01T09:37:02+05:30,active,0,na,11610,62.7,53.0,0x0,92952,0,122391,14,913,1307,0.39
2026-10-01T09:42:03+05:30,active,0,na,11720,62.7,52.5,0x0,93435,0,123007,14,915,1309,0.44
2026-10-01T09:47:04+05:30,active,0,na,11831,62.7,53.0,0x0,93921,0,123620,16,919,1313,0.33
2026-10-01T09:52:04+05:30,active,0,na,11942,62.7,51.9,0x0,94402,0,124235,14,922,1316,0.37
2026-10-01T09:57:05+05:30,active,0,na,12053,62.7,52.5,0x0,94882,0,124850,14,925,1319,0.41
2026-10-01T10:02:06+05:30,active,0,na,12165,62.7,51.9,0x0,95362,0,125464,14,928,1322,0.41
2026-10-01T10:07:07+05:30,active,0,na,12277,62.7,53.0,0x0,95847,0,126087,14,932,1326,0.41
2026-10-01T10:12:07+05:30,active,0,na,12389,62.7,51.9,0x0,96329,0,126710,14,934,1328,0.41
2026-10-01T10:17:08+05:30,active,0,na,12503,62.8,51.9,0x0,96808,0,127324,14,938,1332,0.3
2026-10-01T10:22:09+05:30,active,0,na,12616,62.8,52.5,0x0,97297,0,127937,16,941,1335,0.32
2026-10-01T10:27:09+05:30,active,0,na,12730,62.8,53.0,0x0,97780,0,128558,14,944,1338,0.42
2026-10-01T10:32:10+05:30,active,0,na,12844,62.8,53.0,0x0,98271,0,129180,14,947,1341,0.38
2026-10-01T10:37:11+05:30,active,0,na,12959,62.8,51.9,0x0,98754,0,129789,15,949,1343,0.5
2026-10-01T10:42:11+05:30,active,0,na,13076,62.9,52.5,0x0,99318,0,130476,16,955,1349,0.48
2026-10-01T10:47:12+05:30,active,0,na,13192,63.0,53.0,0x0,99886,0,131177,16,960,1354,0.45
